Sale_Date,Region,Product,Category,Sales,Payment_Method
05-01-2026,Pune,Laptop,Electronics,55000,UPI
10-01-2026,Mumbai,Mobile,Electronics,25000,Card
15-01-2026,Satara,Chair,Furniture,8000,Cash
20-01-2026,Pune,Laptop,Electronics,60000,Card
03-02-2026,Mumbai,Table,Furniture,12000,UPI
08-02-2026,Satara,Mobile,Electronics,22000,Cash
15-02-2026,Pune,Headphones,Accessories,3500,UPI
20-02-2026,Mumbai,Laptop,Electronics,58000,Card
02-03-2026,Satara,Chair,Furniture,7500,UPI
10-03-2026,Pune,Mobile,Electronics,28000,Cash
18-03-2026,Mumbai,Headphones,Accessories,4200,Card
25-03-2026,Satara,Table,Furniture,13500,UPI
04-04-2026,Pune,Laptop,Electronics,62000,Card
12-04-2026,Mumbai,Mobile,Electronics,27000,UPI
19-04-2026,Satara,Chair,Furniture,8200,Cash
27-04-2026,Pune,Headphones,Accessories,3900,UPI
05-05-2026,Mumbai,Laptop,Electronics,59000,Card
13-05-2026,Satara,Mobile,Electronics,24000,Cash
21-05-2026,Pune,Table,Furniture,14500,UPI
29-05-2026,Mumbai,Chair,Furniture,8500,Card
06-06-2026,Satara,Laptop,Electronics,57000,UPI
14-06-2026,Pune,Mobile,Electronics,26000,Card
22-06-2026,Mumbai,Headphones,Accessories,4500,Cash
28-06-2026,Satara,Table,Furniture,12800,UPI
07-07-2026,Pune,Laptop,Electronics,61000,Card
16-07-2026,Mumbai,Mobile,Electronics,29500,UPI
24-07-2026,Satara,Chair,Furniture,7800,Cash
30-07-2026,Pune,Headphones,Accessories,4100,UPI
08-08-2026,Mumbai,Laptop,Electronics,63000,Card
18-08-2026,Satara,Mobile,Electronics,23500,Cash
